ID,Average Ground Water Flow,Design Ground Water Flow,Maximum Ground Water Flow,Average Surface Water Flow,Design Surface Water Flow,Maximum Surface Water Flow,Average Purchased Water Flow,Average Well Depth,Source Water Pumping HP,Average Ground Turbidity,Peak Ground Turbidity,Average Surface Turbidity,Peak Surface Turbidity,Total Average Daily Residuals,Population of Service Area,Size of Service Area,Length of Water Mains,High Elevation,Low Elevation,Distribution Pumping HP,Total Storage Volume,Average Distribution Pressure,Unaccounted for Treated Water,Total Building Area,Engine Driven Pump HP,Total Average Flow,Average raw turbidity,Peak raw turbidity,Difference between highest and lowest system elevation,Total system hp,Total Energy Use kBtu
id,raw_g_aflow,raw_g_dflow,raw_g_mflow,raw_s_aflow,raw_s_dflow,raw_s_mflow,raw_p_aflow,raw_g_depth,raw_hp,raw_g_antu,raw_g_pntu,raw_s_antu,raw_s_pntu,res_weight,distrib_pop,distrib_area,distrib_main,distrib_high,distrib_low,distrib_hp,distrib_storage,distrib_press,distrib_lost,floor_area,pump_eng_hp,calc_flow,calc_NTU_avg,calc_NTU_peak,calc_elev_change,calc_hp,total_energy_use_kBtu
AK001,2,3,10,2,3,12,0,130,950,0,0,1,50,0,"30,000",150,165,0,0,209,10,70,12,0,0,4,0,43,0,"1,159",0
AL001,0,0,0,2,3,3,0,0,75,0,0,10,48,0,"10,000",7,101,580,440,320,"2,375",61,9,"8,500",0,2,10,64,140,395,"15,990,815"
AL002,0,0,0,0,0,0,0,0,0,0,0,0,0,0,"10,000",22,120,910,520,410,1,85,15,0,0,0,0,0,390,410,0
AL003,4,4,12,0,0,0,0,260,"1,430",1,3,0,0,0,"10,179",80,210,"1,200",934,675,15,100,21,0,0,4,1,3,266,"2,105","52,678,647"
AL004,0,0,0,5,8,14,0,0,"1,200",0,0,35,454,8,"28,000",27,216,750,625,100,7,60,15,"17,666",0,5,35,657,125,"1,300","13,928,280"
AL005,1,0,0,0,0,0,0,0,0,0,0,0,0,0,0,"1,000","1,010",512,312,255,2,95,14,0,0,1,0,0,200,255,0
AL006,0,0,0,3,3,5,0,0,400,0,0,4,10,350,"35,000",17,200,445,400,20,6,60,18,"18,414",0,3,4,11,45,420,"25,681,304"
AR001,3,6,6,0,0,0,0,500,600,7,7,0,0,0,"25,000",40,221,539,425,"12,950",7,70,85,0,0,3,7,8,114,"13,550",0
AR002,58,90,173,0,0,0,0,0,"10,550",0,0,2,6,"2,000","360,000",360,"2,200",950,490,"8,000",65,100,9,"200,000",0,58,0,0,460,"18,550","373,803,600"
AR003,1,2,4,0,0,0,0,500,405,0,1,0,0,0,"12,050",100,275,500,240,300,4,70,12,"10,000",0,1,0,1,260,705,"15,169,593"
AZ001,10,14,14,0,0,0,0,650,"2,115",0,0,0,0,0,"40,000",30,300,"3,300","2,400","2,703",7,55,0,"1,500",0,10,0,0,900,"4,818","120,921,002"
AZ002,1,3,3,0,0,0,0,700,300,0,0,0,0,0,"5,800",4,30,"2,400","2,300",230,1,65,0,200,0,1,0,0,100,530,"9,734,700"
CA001,0,0,0,7,15,23,0,600,450,0,0,0,0,200,"27,000",16,170,"2,300","1,500",100,9,60,14,"2,000",200,7,0,0,800,550,0
CA002,0,0,0,6,10,15,0,0,140,0,0,4,6,"2,000","40,000",13,110,740,48,"2,285",10,0,7,0,0,6,4,11,692,"2,425","45,219,558"
CA003,4,6,0,0,0,0,0,700,450,0,0,0,0,0,"11,000",2,0,0,0,315,0,45,0,0,0,4,0,0,0,765,0
CA004,0,0,0,8,12,15,0,0,"1,200",0,0,18,100,0,"24,000",7,70,0,0,"1,000",9,80,0,"5,000",0,8,18,155,0,"2,200","47,630,100"
CA005,0,0,0,8,12,17,0,0,90,0,0,5,49,0,"40,509",12,0,-35,-42,"1,200",15,60,7,0,0,8,5,70,7,"1,290",0
CA006,5,8,12,0,0,0,0,800,"1,350",0,0,0,0,0,"18,000",3,30,300,310,"1,800",2,55,0,"3,200",0,5,0,0,-10,"3,150",0
CA007,4,4,4,0,0,0,3,100,285,0,0,0,0,0,"32,000",4,88,"3,000","1,200",500,18,120,8,"10,000",0,6,0,0,"1,800",785,"65,490,000"
CA008,25,48,63,0,0,0,38,800,"3,090",0,0,0,0,0,"487,122",50,950,0,0,0,129,70,0,0,0,63,0,0,0,"3,090",0
CA009,4,7,0,0,0,0,0,"1,040","1,400",0,0,0,0,0,"30,268",8,62,566,400,0,10,70,10,0,0,4,0,0,166,"1,400",0
CA010,2,3,0,0,0,0,0,0,450,1,2,0,0,120,"14,000",1,12,0,0,95,2,58,0,0,0,2,1,2,0,545,"2,218,224"
CA011,3,4,0,0,0,0,4,"1,117",375,0,7,0,0,0,"47,087",8,92,160,90,0,8,75,2,48,785,6,0,7,70,375,"3,067,376"
CA012,1,2,2,2,5,6,0,127,120,0,0,1,40,60,"16,000",5,130,852,602,405,6,80,3,"9,000",0,4,0,50,250,525,"37,152,466"
CA013,7,14,23,0,0,0,0,300,"1,275",0,0,0,0,0,"30,626",7,150,0,0,"1,275",0,48,0,0,"2,263",7,0,0,0,"2,550","392,602"
CA014,3,4,6,0,0,0,0,"1,200",300,0,0,0,0,0,"18,500",5,48,260,60,225,2,58,9,"1,500",0,3,0,0,200,525,"15,834,305"
CA015,3,4,6,0,0,0,0,340,300,0,0,0,0,0,"14,500",44,180,580,100,"2,325",9,62,18,"4,500",0,3,0,0,480,"2,625","19,655,680"
CA016,9,11,22,0,0,0,10,580,"3,050",0,2,0,0,0,"100,000",18,350,110,32,"4,100",28,74,4,0,"2,800",18,0,2,78,"7,150","103,246,458"
CA017,3,4,4,0,0,0,4,585,350,0,0,0,0,0,"36,309",7,100,380,197,295,2,70,5,"9,500",0,7,0,0,183,645,"29,604,089"
CA018,29,58,0,0,0,0,23,"1,000","7,700",0,0,0,0,0,"316,287",133,"1,078","1,512",50,"4,800",135,60,5,0,0,51,0,0,"1,462","12,500","441,788,086"
CA019,0,0,0,6,12,12,0,0,0,0,0,5,61,274,"26,314",21,100,"1,200",840,220,17,50,10,0,0,6,5,122,360,220,"6,616,778"
CA020,0,0,0,25,50,63,3,0,"3,550",0,0,5,39,"2,110","67,125",104,400,840,350,680,31,50,10,0,0,28,5,78,490,"4,230","29,664,994"
CA021,9,14,16,0,0,0,0,871,"2,750",1,4,0,0,0,"30,000",138,238,"1,637",888,513,17,83,10,0,0,9,1,4,749,"3,263","104,270,037"
CA022,31,52,58,8,9,11,37,783,"10,000",0,0,1,2,0,"109,000",150,800,"2,850","1,305","18,000",125,90,5,0,"5,000",75,0,0,"1,545","28,000","634,877,709"
CA023,4,6,6,0,0,0,19,0,0,0,0,0,0,0,"66,000",12,250,243,124,0,0,80,3,0,0,23,0,0,119,0,"11,598,390"
CA024,6,0,0,0,0,0,11,150,0,0,0,0,0,0,"40,000",0,300,300,150,875,3,50,15,0,575,17,0,0,150,875,0
CA025,0,0,0,0,0,0,4,350,200,0,0,0,0,0,"17,500",4,80,225,200,0,0,60,0,0,0,4,0,0,25,200,0
CA026,3,0,0,1,0,0,0,500,550,0,0,0,0,0,"17,000",12,56,660,300,0,6,70,0,0,0,4,0,0,360,550,"17,729,642"
CA027,30,84,0,10,0,0,0,500,"11,815",1,0,5,0,0,"147,000",52,600,"1,785",850,0,36,97,6,"10,000",0,40,2,0,935,"11,815",0
CA028,18,30,33,0,0,0,0,566,"3,980",0,1,0,0,0,"72,000",55,350,"3,309","2,800","3,980",54,60,0,0,600,18,0,1,509,"7,960","167,509,900"
CA029,0,0,0,0,0,0,17,0,0,0,0,1,0,0,"80,650",45,324,"1,600",300,"3,160",74,125,5,0,275,17,0,0,"1,300","3,160","32,320,126"
CA030,0,1,1,7,32,0,205,440,600,4,8,1,11,0,"1,294,000",403,"3,317","1,130",260,"6,900","80,375",60,7,0,0,212,1,51,870,"7,500","342,420,182"
CA031,5,6,7,13,30,30,7,800,190,0,0,6,69,0,"177,630",32,390,500,5,"2,045",43,60,1,0,0,24,4,120,495,"2,235","94,982,700"
CA032,0,0,0,0,0,0,40,0,0,0,0,0,0,0,"24,800",102,285,"2,400",930,"20,500",140,100,5,0,"2,800",40,0,0,"1,470","20,500","46,625,075"
CA033,0,0,0,5,9,16,0,140,"2,450",0,0,1,20,0,"44,519",20,160,700,90,790,25,50,6,0,0,6,1,31,610,"3,240","24,781,405"
CA034,0,0,0,0,0,0,0,0,0,0,0,0,5,0,"10,825",62,97,735,38,"1,970",8,70,7,0,0,0,0,0,697,"1,970",0
CA035,0,0,0,0,0,0,4,500,490,0,0,0,0,0,"40,165",6,100,"1,000",40,"1,165",7,90,6,"1,225","1,080",4,0,0,960,"1,655","24,413,096"
CA036,0,0,5,11,19,24,0,600,0,0,1,4,700,900,"84,000",45,250,780,230,100,20,75,8,"6,250",0,11,4,"1,157",550,100,"6,035,470"
CA037,0,0,4,16,36,37,0,500,0,0,0,3,13,870,"90,473",43,309,"1,396",0,"2,810",43,122,5,0,0,16,3,28,"1,396","2,810","24,593,365"
CA038,0,0,0,0,0,0,5,350,0,0,0,0,0,0,"10,000",6,52,40,-11,0,6,85,0,"3,500","1,500",5,0,0,51,0,"826,451"
CA039,0,1,0,0,0,0,15,400,450,0,1,0,0,0,"91,000",17,269,950,150,"2,900",25,80,6,"20,000",0,15,0,0,800,"3,350","56,124,199"
CA040,0,1,2,11,15,24,0,200,"1,200",1,1,5,25,"1,000","90,000",30,262,"1,014",0,950,45,85,8,0,125,11,5,34,"1,014","2,150","78,084,152"
CA041,14,16,17,28,32,31,0,200,"4,740",0,1,3,20,25,"87,000",50,467,0,0,"2,005",32,75,5,0,0,42,2,15,0,"6,745","144,850,882"
CA042,0,0,0,5,7,10,0,0,45,9,148,0,0,"1,096","27,247",7,89,0,5,330,7,58,15,0,"1,833",5,0,0,-5,375,"17,392,668"
CA043,9,16,0,0,0,0,0,325,"1,100",2,0,0,0,0,"36,000",7,138,98,98,"1,100",2,50,0,0,0,9,2,0,0,"2,200",0
CA044,0,0,0,0,0,0,3,0,0,0,0,0,0,0,"16,800",45,2,"1,500","1,000",596,6,100,0,0,0,3,0,0,500,596,0
CA045,1,0,2,0,0,0,0,300,270,0,0,0,0,0,"6,000",4,38,670,0,570,7,75,8,"1,200",0,1,0,0,670,840,89
CA046,4,0,0,2,4,0,8,420,675,1,2,0,0,0,"32,000",31,200,"1,200",100,600,14,85,5,0,0,13,1,1,"1,100","1,275","396,270"
CO001,0,0,0,0,0,0,2,0,0,0,0,0,0,0,"17,000",5,52,"5,500","5,200",0,5,110,4,0,0,2,0,0,300,0,0
CO002,0,0,0,18,36,75,0,0,"1,450",0,0,2,5,"7,506","130,000",19,419,"5,377","5,675","2,800",25,55,4,0,0,18,2,10,-298,"4,250",0
CO003,0,0,0,17,34,59,0,0,0,0,0,7,20,"3,300","110,000",38,450,"5,672","5,365","3,500",29,65,4,"500,000",0,17,7,40,307,"3,500","83,581,660"
CO004,7,20,20,0,0,0,0,"1,800",0,0,0,0,0,0,"50,100",13,200,"6,200","5,800",0,35,60,7,0,0,7,0,0,400,0,0
CO005,0,0,0,7,24,28,0,800,750,0,0,5,100,"1,000","47,000",25,150,"5,580","5,260","2,450",12,70,2,0,0,7,5,353,320,"3,200",0
CO006,0,0,0,3,8,13,0,0,0,0,0,6,37,"13,466","19,000",8,247,"5,733","5,295",75,9,85,10,"25,287",0,3,6,95,438,75,"4,338,790"
CO007,0,0,0,5,9,22,0,0,850,0,0,5,28,"1,479","25,300",17,144,"6,180","5,552",220,14,75,0,"38,900",0,5,5,56,628,"1,070","39,684,720"
CO008,0,0,0,0,0,0,0,0,0,0,0,0,0,0,"32,000",4,55,"53,701","5,610",0,0,80,1,0,0,0,0,0,"48,091",0,0
CO009,0,0,0,22,42,87,0,0,0,0,0,3,5,"1,900","125,800",35,524,"5,249","4,872",600,36,81,6,"79,023",0,22,3,10,377,600,"46,108,870"
CO010,0,0,0,24,48,84,0,0,0,0,0,5,17,0,"106,000",50,538,"5,050","4,550","10,300",56,70,7,0,"1,180",24,5,35,500,"10,300","187,775,646"
CO011,0,1,1,0,1,0,0,273,100,1,1,1,9,0,"1,260",3,6,"9,430","9,300",0,2,90,0,"25,600",0,1,1,10,130,100,"666,000"
CO012,0,0,0,0,0,0,0,0,0,0,0,0,0,0,"15,000",8,96,"4,970","4,755",0,2,65,1,0,0,0,0,0,215,0,0
CT001,2,3,5,4,5,6,0,50,535,0,0,0,0,0,"51,000",28,237,799,230,135,7,60,10,"42,000",0,6,0,0,569,670,0
CT002,2,3,4,0,0,0,0,94,330,1,3,0,0,0,"18,000",9,75,490,170,30,2,80,10,0,0,2,1,3,320,360,"11,987,756"
FL001,1,2,0,0,0,0,2,"1,000",75,0,0,0,0,0,"42,000",50,0,35,0,0,2,60,0,"1,600",0,3,0,0,35,75,0
FL002,4,4,0,0,0,0,1,70,400,2,3,0,0,0,"15,000",10,70,30,7,0,3,70,6,0,0,5,2,3,23,400,0
FL003,0,0,0,0,0,0,67,0,0,0,0,0,0,0,"683,729",185,"2,000",85,5,"3,275",40,50,7,"37,000",0,67,0,0,80,"3,275","144,199,001"
FL004,4,4,0,0,0,0,0,500,30,0,1,0,0,0,"49,495",44,218,0,0,160,8,60,10,0,0,4,0,1,0,190,0
GA001,0,0,0,29,43,90,0,0,"2,750",0,0,8,42,"20,538","254,974",216,"1,100",0,0,"2,150",13,65,10,"77,483",0,29,8,62,0,"4,900","203,804,387"
GA002,0,0,0,13,20,27,0,0,0,0,0,3,25,"3,700","18,000",23,165,960,920,"1,000",15,90,8,"28,007",0,13,3,39,40,"1,000",0
IA001,8,17,20,0,0,0,0,"1,600",980,5,5,0,0,"102,000","58,000",25,315,980,610,"1,215",18,60,7,"103,270",0,8,5,5,370,"2,195",0
IA002,4,7,9,0,0,0,0,50,615,0,0,0,0,"19,000","20,000",9,150,967,772,150,6,50,10,0,0,4,0,0,195,765,"33,295,864"
IA003,2,3,4,0,0,0,0,700,675,0,0,0,0,0,"17,000",25,130,990,794,900,4,65,9,0,0,2,0,0,196,"1,575",0
IA004,3,5,7,0,0,0,0,"1,600",920,0,0,0,0,0,"29,500",15,146,870,800,310,4,52,10,0,0,3,0,0,70,"1,230",0
IA005,2,4,5,0,0,0,0,"4,550",0,1,1,0,0,0,"14,000",0,60,0,0,150,3,65,10,0,0,2,1,1,0,150,0
IA006,5,8,12,0,0,0,2,"2,500","1,045",0,0,0,0,"27,500","53,000",50,194,"1,053",812,"2,050",7,73,8,"42,639",0,7,0,0,241,"3,095","1,344,922"
IA007,6,8,11,0,0,0,0,110,745,0,0,0,0,"36,000","53,000",24,220,230,50,"16,000",11,75,5,"19,160",330,6,0,0,180,"16,745","53,476,314"
IA008,0,0,0,14,28,36,0,240,"1,500",0,1,0,0,0,"85,000",58,393,"1,509","1,102","1,000",28,80,1,0,0,14,0,0,407,"2,500","29,541,263"
ID001,0,0,0,0,0,0,0,300,0,0,0,0,0,0,"4,800",12,250,"2,721","2,560","2,400",2,68,1,0,0,0,0,0,161,"2,400",0
IL001,0,17,12,0,0,0,4,900,"2,500",0,0,0,0,0,"60,000",8,325,761,666,440,9,50,0,"2,800",0,4,0,0,95,"2,940","421,478"
IL002,0,0,0,568,728,"1,458",0,0,"11,000",0,0,5,32,"36,680","2,896,000",225,"4,240",675,590,"22,764",60,35,10,"4,000,000",0,568,5,40,85,"33,764","3,920,218,166"
IL003,0,0,0,339,458,720,0,0,"6,400",0,0,4,41,"29,200","2,896,000",225,"4,240",675,590,"22,764",60,35,10,"4,000,000",0,339,4,55,85,"29,164","3,744,894,909"
IL004,0,0,0,0,0,0,4,0,0,0,0,0,0,0,"42,000",10,170,0,0,685,6,40,5,0,0,4,0,0,0,685,0
IL005,11,17,23,8,12,28,0,"1,350","5,350",1,4,20,149,"70,000","170,000",50,600,890,810,"5,150",25,65,22,"134,000",0,19,10,93,80,"10,500","229,991,245"
IL006,6,11,11,0,0,0,0,110,"2,000",0,0,0,0,0,"43,500",100,210,764,760,"1,100",11,55,17,200,250,6,0,0,4,"3,100","38,448,184"
IL007,0,0,0,11,27,21,0,0,500,0,0,4,77,0,"30,000",15,175,693,590,"2,850",9,60,8,"149,200",0,11,4,189,103,"3,350","5,593,498"
IL008,0,0,0,0,0,0,0,0,0,0,0,0,0,0,"184,600",7,80,160,0,625,8,65,0,0,0,0,0,0,160,625,0
IL009,3,4,5,0,0,0,0,160,240,0,0,0,0,0,"22,261",20,5,0,0,640,3,65,12,"6,240",0,3,0,0,0,880,0
IL010,0,0,0,0,0,0,4,0,0,0,0,0,0,0,"35,000",27,200,594,548,350,3,60,8,"1,200",0,4,0,0,46,350,"3,260,736"
IL011,0,0,0,22,40,42,0,0,725,0,0,8,100,"100,000","151,000",100,600,605,560,640,10,60,15,"50,000",0,22,8,181,45,"1,365","104,344,440"
IL012,1,1,1,0,0,0,2,"1,500",250,0,0,1,2,0,"25,000",29,170,650,600,250,4,55,3,728,0,3,0,0,50,500,"4,440,000"
IN001,45,69,0,97,142,0,2,144,"5,715",1,1,12,220,"28,000","1,100,000",675,"4,200",940,653,0,78,60,3,"414,000","12,417",144,9,220,287,"5,715","19,797,606"
KS001,0,0,0,2,4,7,0,40,190,0,0,0,0,0,"13,000",9,90,"1,180","1,070",865,4,58,14,"18,750",0,2,0,0,110,"1,055","14,090,784"
KS002,0,0,0,4,7,12,0,70,825,1,9,210,"5,524","2,930","40,000",25,180,"1,100",770,"1,375",5,90,8,"37,250",0,4,210,"8,464",330,"2,200","13,463,623"
LA001,2,3,4,0,0,0,0,200,285,0,0,0,0,"3,600",1,0,0,0,0,160,2,62,15,"250,000",0,2,0,0,0,445,"10,342"
LA002,0,0,0,3,4,7,0,0,210,0,0,46,170,0,"23,800",367,500,150,4,250,4,66,20,0,0,3,46,232,146,460,0
LA003,50,67,102,0,0,0,0,"1,800","9,500",0,1,0,0,0,"386,460",151,"1,491",62,25,"1,055",11,65,7,"20,800","5,375",50,0,1,37,"10,555","355,973,116"
LA004,0,3,0,0,0,0,0,600,100,0,0,0,0,0,"11,000",69,69,0,0,0,1,60,5,0,0,0,0,0,0,100,0
LA005,2,3,4,0,0,0,0,130,300,0,0,0,0,0,"18,000",17,163,150,85,75,1,76,17,0,0,2,0,0,65,375,0
LA006,2,4,0,0,0,0,0,330,630,0,0,0,0,0,"13,500",26,120,400,220,665,2,45,0,0,0,2,0,0,180,"1,295",0
LA007,1,2,2,0,0,0,0,"2,000",555,0,0,0,0,0,"11,000",60,260,150,70,40,1,60,11,0,0,1,0,0,80,595,"14,275,976"
MA001,0,0,0,0,0,0,0,130,190,0,0,0,0,0,"33,500",21,74,59,3,0,2,55,2,"3,700",0,0,0,0,56,190,"6,201,903"
MD001,1,1,0,2,3,3,0,200,180,0,0,1,4,"5,338","30,000",30,119,792,360,800,4,55,12,250,0,3,1,5,432,980,"29,203,829"
MD002,5,12,18,0,0,0,0,375,60,5,12,0,0,0,"30,000",3,125,7,-3,500,6,44,27,0,0,5,5,12,10,560,"58,816,926"
MI001,10,0,40,0,0,0,0,140,505,0,0,0,0,0,"55,000",50,350,"1,000",800,"2,625",14,70,18,0,0,10,0,0,200,"3,130",0
MI002,0,0,0,0,0,0,1,0,0,0,0,0,0,0,"15,531",3,53,0,0,0,0,46,9,0,0,1,0,0,0,0,0
MI003,0,0,0,0,0,0,5,0,0,0,0,0,0,0,"45,000",8,228,733,599,503,12,65,0,"2,000",73,5,0,0,134,503,0
MI004,0,0,0,13,33,39,0,0,900,0,0,2,50,0,"54,375",60,222,705,578,665,16,75,2,0,0,13,2,124,127,"1,565","66,285,097"
MI005,0,0,0,0,0,0,5,0,0,0,0,0,0,0,"20,000",32,240,0,0,0,6,60,4,0,0,5,0,0,0,0,0
MI006,0,0,0,8,11,30,0,0,400,0,0,5,133,146,"45,000",20,201,620,584,200,3,52,5,0,0,8,5,188,36,600,"4,244,596"
MI007,2,8,20,0,0,0,0,300,"1,075",0,0,0,0,0,"30,000",40,180,"1,060",960,"1,005",3,62,0,"2,664",0,2,0,0,100,"2,080","15,525,584"
MN001,10,14,14,0,0,0,3,450,975,1,1,0,0,"10,306","85,301",33,488,990,720,"2,455",30,68,7,"47,664",70,13,1,1,270,"3,430","91,763,155"
MN002,2,4,0,0,0,0,0,400,475,0,0,0,0,0,"18,500",12,100,"1,131",0,475,3,65,6,0,0,2,0,0,"1,131",950,"10,822,500"
MN003,7,19,27,0,0,0,0,482,0,0,0,0,0,0,"55,000",36,266,"1,050",900,"2,275",9,63,8,"10,600",0,7,0,0,150,"2,275","51,200"
MO001,0,3,3,6,8,8,0,120,435,0,0,70,850,0,"36,000",50,245,200,20,300,6,45,15,0,0,6,68,"1,101",180,735,0
MO002,29,38,42,0,0,0,0,108,"2,560",5,80,0,0,0,"250,000",79,722,"1,050",730,"1,035",10,85,8,"20,000",738,29,5,80,320,"3,595","340,722,559"
MO003,3,4,8,0,0,0,0,130,330,0,0,0,0,"8,000","22,400",11,87,790,650,725,7,60,14,"27,000",200,3,0,0,140,"1,055","34,850,792"
MO004,0,0,0,0,0,0,0,"1,400",100,0,0,0,0,0,"13,000",0,0,0,0,125,7,60,0,0,0,0,0,0,0,225,"66,529,826"
MO005,2,5,8,11,16,16,0,"1,516","1,450",0,0,16,177,820,"55,000",400,430,"1,163",887,545,6,65,12,"21,919",760,13,14,222,276,"1,995","105,419,634"
MO006,1,1,7,3,5,4,0,0,0,0,0,25,500,0,"10,505",5,0,0,0,725,2,60,45,0,352,3,19,769,0,725,0
MO007,3,6,7,28,38,39,0,"1,200","12,550",0,1,2,19,"2,000","160,000",160,"1,126","1,400","1,123","1,120",13,60,12,0,"3,550",31,2,24,277,"13,670","377,196,182"
MO008,4,6,6,0,0,0,4,80,480,0,1,0,0,"8,179","51,381",22,210,730,443,"1,300",3,55,5,0,0,7,0,1,287,"1,780",0
MT001,0,0,0,11,32,63,0,0,"1,335",0,0,6,36,0,"64,000",22,290,"3,664","3,294","6,600",12,73,10,"67,000",0,11,6,102,370,"7,935","75,104,660"
NC001,0,0,0,7,12,18,0,0,900,0,0,8,533,"2,859","38,000",20,300,"1,500","1,000",220,9,70,5,"6,500",0,7,8,828,500,"1,120",0
NC002,0,0,0,4,5,6,0,0,600,0,0,31,32,0,"25,000",0,225,"1,070",750,200,12,68,20,"4,000",0,4,31,37,320,800,0
NC003,0,0,0,5,7,8,0,0,900,0,0,39,440,0,"14,400",90,65,"1,259",720,950,6,60,10,"22,890",0,5,39,637,539,"1,850",0
NC004,0,0,0,0,0,0,1,0,0,0,0,0,0,0,"10,657",30,150,"1,558","1,220",50,1,50,12,0,0,1,0,0,338,50,"20,548,831"
NC005,0,0,0,43,0,97,0,0,"8,835",0,0,30,462,0,"280,000",0,"1,900","1,140",890,"15,630",55,80,10,0,"4,530",43,30,0,250,"24,465","425,885,968"
NC006,0,0,0,3,5,7,0,0,600,0,0,4,13,0,"12,000",15,105,880,490,350,5,80,20,"10,980",240,3,4,20,390,950,"23,285,669"
NC007,0,0,0,2,3,3,0,0,120,0,0,53,"1,028",0,"21,000",125,350,"1,258",868,850,5,75,12,"13,000",0,2,53,"1,423",390,970,"26,532,941"
NC008,2,4,4,6,8,16,0,150,250,0,0,6,24,0,"22,500",0,225,0,0,450,9,70,2,0,0,8,5,24,0,700,0
NC009,3,4,8,0,0,0,0,196,580,0,1,0,0,0,"20,552",85,172,225,180,275,4,78,19,"5,156",0,3,0,1,45,855,"13,707,656"
NC010,0,0,0,3,4,6,0,0,250,0,0,10,47,0,"11,138",12,120,116,30,625,3,68,6,0,180,3,10,68,86,875,"2,755,636,916"
NC011,0,0,4,16,25,26,0,0,"1,850",0,0,0,0,"6,200","126,500",0,750,0,0,"2,500",5,75,20,"75,000",0,16,0,0,0,"4,350",0
NC012,6,10,9,0,0,0,0,593,"1,795",0,0,0,0,0,"103,756",578,910,70,32,"1,925",10,70,10,"18,432",0,6,0,0,38,"3,720","81,739,112"
NC013,0,0,0,10,14,23,0,0,600,0,0,6,23,"2,818","76,000",116,550,75,10,"2,200",9,60,9,"57,000",0,10,6,33,65,"2,800","84,227,360"
ND001,0,0,0,11,18,30,0,0,525,0,0,54,"1,514","155,184","98,000",44,413,912,892,"1,850",12,50,14,"109,870",0,11,54,"2,503",20,"2,375","2,394,180"
NE001,28,51,75,11,21,35,0,84,"5,095",0,0,0,1,0,"238,750",82,"1,132","1,440","1,130","9,850",105,65,4,0,"3,900",39,0,1,310,"14,945","526,692,380"
NH001,0,0,0,2,3,5,0,0,140,0,0,0,0,0,"17,000",46,116,580,190,284,4,60,15,"14,497",0,2,0,0,390,424,"6,559,628"
NJ001,4,5,5,0,0,0,0,800,450,0,0,0,0,0,"12,500",3,0,0,0,0,2,50,10,0,0,4,0,0,0,450,0
NJ002,4,10,19,0,0,0,0,299,770,0,0,0,0,0,"18,458",7,109,20,5,430,4,48,4,"10,000",550,4,0,0,15,"1,200",0
NJ003,2,9,11,0,0,0,3,700,910,0,0,0,0,0,"45,000",100,200,208,60,450,7,65,8,"10,000",300,5,0,0,148,"1,360",0
NJ004,0,0,0,38,83,100,0,0,600,0,0,5,13,"12,290","800,000",24,550,683,40,"9,220",250,90,10,"200,000",0,38,5,29,643,"9,820",0
OH001,0,0,0,0,0,0,0,0,0,0,0,0,0,0,"1,070,000",435,"3,500","1,190",903,"37,158",72,67,23,"6,000",0,0,0,0,287,"37,158","183,701,656"
OH002,0,0,0,60,76,65,0,0,"1,320",0,0,54,387,0,0,0,0,0,0,0,0,0,0,0,0,60,54,490,0,"1,320","269,557,917"
OH003,0,0,0,69,102,100,0,0,"1,500",0,0,20,218,"150,000",0,0,0,0,0,0,0,0,0,0,0,69,20,324,0,"1,500","285,980,988"
OH004,19,21,34,0,0,0,0,84,950,0,0,0,0,0,0,0,0,0,0,0,0,0,0,"137,000",0,19,0,0,0,950,"41,965,404"
OH005,0,0,0,0,0,0,2,0,0,0,0,0,0,0,"17,000","1,000",500,"1,000",800,"1,095",4,65,5,0,0,2,0,0,200,"1,095",0
OH006,0,0,0,1,2,3,0,0,200,0,0,30,276,"25,895","11,647",15,80,902,865,300,3,60,4,"35,000",0,1,30,502,37,500,0
OH007,0,0,0,3,4,2,0,0,300,0,0,21,44,0,"20,500",12,108,967,858,385,18,65,26,0,0,3,21,64,109,685,"29,958,845"
OH008,22,27,41,0,0,0,0,167,"1,860",4,17,0,0,0,"140,000",91,646,"1,170","1,000",300,27,70,20,"63,000",0,22,4,17,170,"2,160",0
OK001,0,0,0,98,142,220,0,0,"12,200",0,0,4,5,"82,200","400,000",900,"2,325",880,570,"1,625",102,70,9,"30,534",0,98,4,7,310,"13,825","718,866,235"
OK002,0,0,0,0,0,0,11,0,0,0,0,0,0,0,"83,000",53,460,765,490,"3,000",11,90,6,"2,500",0,11,0,0,275,"3,000",0
OK003,0,0,0,4,9,9,0,0,0,0,0,4,130,"2,780","18,000",5,150,698,610,925,4,60,3,0,0,4,4,300,88,925,"9,114,210"
OR001,5,12,14,0,0,0,0,500,"1,125",0,0,0,0,0,"23,000",300,350,"3,960","3,174",427,11,60,0,0,0,5,0,0,786,"1,552",0
OR002,0,0,0,5,10,20,0,0,300,0,0,5,165,550,"24,000",6,180,"1,560",900,"1,585",19,65,8,0,0,5,5,337,660,"1,885","42,048,110"
OR003,3,37,95,99,186,225,0,383,"6,940",0,2,1,4,0,"782,300",137,"1,957","1,270",7,"14,668",282,76,5,0,900,102,0,7,"1,263","21,608","252,717,061"
PA001,1,1,1,0,0,0,0,400,195,0,0,0,0,0,"11,200",3,44,600,240,0,3,58,8,0,0,1,0,0,360,195,"6,475,784"
PA002,0,0,0,0,0,0,0,0,300,0,0,0,0,"3,000","25,000",12,9,0,0,"1,900",8,165,3,"20,000",0,0,0,0,0,"2,200","42,317,640"
PA003,5,7,9,0,1,2,0,250,"2,750",0,5,0,40,80,"70,000",35,215,"1,440","1,200",600,15,55,11,"23,000",0,5,0,11,240,"3,350","48,261,500"
PA004,0,0,0,3,4,4,0,0,50,0,0,0,"1,447",0,"21,500",23,68,945,490,420,3,72,92,"16,000",0,3,0,"1,892",455,470,"22,610,875"
PA005,0,0,0,2,2,0,0,0,15,0,0,18,700,0,"12,000",15,45,915,605,25,"1,300,000",50,21,0,0,2,18,933,310,40,0
PA006,0,0,0,3,4,0,0,350,0,10,200,1,8,0,"33,000",150,200,"1,034",490,20,7,75,25,"17,500",0,3,1,9,544,20,"4,683,645"
PA007,0,0,0,37,50,50,0,0,"1,050",0,0,25,683,"55,000","517,014",533,"1,597","1,480",710,"2,900",60,110,33,0,0,37,25,926,770,"3,950","353,235,955"
PA008,0,0,0,42,59,60,0,0,"7,600",0,0,30,345,"55,000","517,014",533,"1,597","1,480",710,"2,900",60,110,33,0,0,42,30,485,770,"10,500","572,305,089"
PA009,0,0,0,0,0,0,2,0,0,0,0,0,0,0,"28,000",24,160,0,0,0,5,110,10,0,0,2,0,0,0,0,0
PA010,0,0,0,7,8,12,0,0,600,0,0,4,150,"2,000","35,000",300,320,"1,700",900,500,16,100,30,"4,500",0,7,4,185,800,"1,100","132,561,173"
PA011,0,0,0,4,5,9,0,0,150,0,0,10,276,0,"28,000",30,106,"1,313",760,625,10,80,25,"16,820",0,4,10,321,553,775,"28,167,945"
PA012,0,0,0,28,35,66,0,0,"2,300",0,0,10,93,"4,203","200,000",52,685,"1,243",571,"2,025",66,74,15,"90,000",0,28,10,116,672,"4,325","260,592,551"
PA013,1,3,3,1,1,1,0,600,225,1,1,3,12,0,"16,000",100,125,"1,100",600,310,3,65,35,0,0,2,1,7,500,535,0
PA014,1,0,0,0,0,0,0,301,350,0,0,0,0,0,"9,586",50,61,650,480,200,7,50,15,"1,800",0,1,0,0,170,550,"11,597,546"
SC001,7,8,11,2,3,8,0,350,"1,100",0,0,15,45,0,"55,000",32,350,535,330,"1,900",3,85,20,0,0,8,3,18,205,"3,000",0
SD001,6,17,18,6,8,40,0,"1,500","2,330",0,0,0,0,0,"68,430",61,359,"3,994","3,406",800,20,60,11,"95,000",0,12,0,0,588,"3,130","103,684,894"
SD002,0,0,0,2,6,8,0,0,255,0,0,10,40,"11,700","13,000",8,85,0,0,750,4,55,12,0,0,2,10,96,0,"1,005",0
TN001,0,0,0,2,2,4,30,0,100,0,0,13,215,400,"21,000","1,200","1,000","1,382",800,153,5,85,15,"18,000",0,32,13,293,582,253,"16,869,242"
TX001,0,0,0,13,27,33,0,0,"2,035",0,0,12,29,0,"98,000",120,839,510,242,"3,690",17,55,8,0,0,13,12,60,268,"5,725",0
TX002,0,1,0,2,3,5,0,400,195,0,0,11,90,250,"30,000",11,95,0,0,725,2,45,10,"600,000",0,2,9,151,0,920,0
TX003,0,0,0,4,7,10,0,0,600,0,0,19,89,0,"18,500",100,26,0,0,600,5,75,12,"8,000",0,4,19,157,0,"1,200","35,270,694"
TX004,0,0,0,0,0,0,0,650,120,0,0,3,12,"10,000","21,960",17,217,"1,946","1,580",375,12,80,11,"2,500",0,0,0,0,366,495,0
TX005,7,11,17,0,0,0,0,"1,250","2,175",350,379,0,0,0,"38,285",49,275,323,85,"6,750",7,79,7,0,0,7,350,379,238,"8,925",0
TX006,0,0,0,59,99,140,0,0,"3,550",0,0,9,134,0,"358,215",99,"1,359",720,426,"12,375",42,80,0,"400,000","2,270",59,9,223,294,"15,925",0
TX007,1,1,1,6,12,12,0,400,0,0,0,3,10,0,"21,500",0,107,955,801,"2,020",11,65,10,0,0,7,3,17,154,"2,020",0
TX008,0,0,0,131,197,260,0,0,"12,600",0,0,5,63,"310,000","786,594",450,"3,036","1,120",415,0,250,72,8,"190,000",0,131,5,95,705,"12,600","1,241,400,601"
UT001,1,2,2,0,0,0,0,600,450,0,0,0,0,0,"45,000",11,159,"5,307","4,465","2,030",18,75,4,0,0,1,0,0,842,"2,480",0
UT002,5,9,12,0,0,0,0,500,"1,395",1,0,0,0,0,"32,000",12,120,"4,960","4,350",0,7,106,8,0,0,5,1,0,610,"1,395","27,280,970"
UT003,12,31,60,34,51,210,38,385,"3,805",1,2,2,10,"7,050","92,055",135,"1,376","5,780","4,218","15,575",95,110,9,0,0,84,2,11,"1,562","19,380","249,149,730"
UT004,13,42,70,64,200,200,0,442,"13,510",0,3,0,0,"4,502","505,621",186,250,"4,990","4,240","9,495",170,80,2,0,"1,300",77,0,1,750,"23,005","47,810,248"
UT005,8,35,53,14,25,25,7,792,"4,720",0,0,0,0,0,"26,990",22,375,"5,500","4,300","4,720",32,170,8,0,0,29,0,0,"1,200","9,440",0
UT006,0,0,0,0,0,0,0,0,0,0,0,0,0,0,"15,400",8,60,"5,000","4,700",0,5,75,2,0,0,0,0,0,300,0,0
VA001,2,2,6,43,53,94,0,150,"3,300",0,0,3,10,"10,000","405,000",450,"1,800",0,0,"5,000",25,70,5,0,700,45,3,12,0,"8,300",0
VA002,0,0,0,8,10,12,0,0,120,0,0,6,16,0,"180,000",270,"1,600",400,15,"3,840",30,60,8,"14,000",0,8,6,20,385,"3,960","52,024,246"
VA003,0,0,0,1,2,2,0,0,35,0,0,25,350,0,"14,000",60,150,925,675,200,3,70,7,"12,100",0,1,25,568,250,235,"327,402"
VA004,0,0,0,7,10,18,0,0,180,0,0,37,760,"1,500","48,411",44,320,650,390,"1,275",16,85,10,"4,120",475,7,37,"1,076",260,"1,455","29,789,115"
VA005,0,0,0,142,276,0,0,0,"14,000",0,0,40,"1,125","2,000,000","1,400,000","1,200","3,154",600,260,"3,000",65,80,10,0,0,142,40,"2,187",340,"17,000","2,220,000,000"
VA006,0,54,0,0,1,0,0,300,450,0,0,20,436,333,"35,000",12,210,440,293,370,6,55,7,"29,000",0,0,0,0,147,820,0
VT001,0,0,0,0,0,0,1,0,0,0,0,0,0,0,"8,300",9,25,0,0,0,1,95,8,0,0,1,0,0,0,0,0
VT002,0,0,0,0,0,0,2,0,0,0,0,0,0,0,"15,600",31,105,450,120,0,3,75,5,0,0,2,0,0,330,0,0
VT003,0,0,0,2,2,6,0,0,100,0,0,2,5,150,"14,000",14,76,"1,190",580,0,3,150,30,"60,000",0,2,2,5,610,100,"8,512,812"
WA001,2,5,2,0,0,0,0,680,0,0,0,0,0,0,"18,000",11,110,420,0,0,4,60,7,0,0,2,0,0,420,0,0
WA002,4,7,10,4,9,18,0,361,430,0,0,1,1,0,"52,000",22,300,650,0,994,33,50,4,"10,775",0,8,0,2,650,"1,424","43,967,852"
WA003,10,27,29,0,0,0,0,375,"4,950",1,1,0,0,0,"80,000",495,600,0,0,700,16,55,10,"15,748",0,10,1,1,0,"5,650","134,290,353"
WA004,0,0,0,0,0,0,0,0,0,0,0,0,0,0,"70,000",18,244,640,342,0,29,491,5,0,0,0,0,0,298,0,"6,779,880"
WA005,5,13,14,0,0,0,0,337,"1,865",0,0,0,0,0,"52,000",25,267,680,30,770,22,45,13,"8,000",0,5,0,0,650,"2,635","61,834,504"
WA006,7,14,16,0,0,0,0,250,"2,327",0,2,0,0,0,"56,000",26,305,460,170,315,13,40,0,"10,000",0,7,0,2,290,"2,642","56,263,334"
WA007,2,3,6,0,0,0,0,234,700,0,0,0,0,0,"20,000",3,21,"2,708","2,350",50,6,50,1,896,0,2,0,0,358,750,"9,538,230"
WI001,0,0,0,131,216,375,0,0,"13,300",0,0,1,25,"13,543","844,433",185,"1,960",237,5,"44,230",52,73,11,0,0,131,1,41,231,"57,530","903,438,718"
WI002,0,0,0,4,6,14,0,0,"1,100",0,0,2,16,0,"18,450",4,60,161,132,260,3,55,6,0,700,4,2,24,29,"1,360","38,246,480"
WI003,2,3,5,0,0,0,0,65,598,0,0,0,0,"15,900","19,000",13,135,"1,360","1,210",875,4,70,11,"27,400",125,2,0,0,150,"1,473","24,036,976"
WY001,0,0,0,3,5,17,0,0,0,0,0,5,250,0,"22,500",0,0,"5,277","3,846",0,5,0,0,"86,637",0,3,5,463,"1,431",0,"13,070,392"
NY001,1,1,2,0,0,0,0,,,,,,,0,"1,700",2,4,,,,1,80,0,800,,1,0,0,0,0,0
NY002,1,3,0,0,0,0,0,,,,,,,0,"1,000",29,30,,,,4,0,1,"3,000",,1,0,0,0,0,0
NY003,0,1,1,0,0,0,0,,,,,,,0,845,1,11,,,,1,80,1,"2,600",,0,0,0,0,0,0
NY004,0,0,0,0,0,0,0,,,,,,,0,500,0,20,,,,1,70,0,480,,0,0,0,0,0,0
NY005,1,3,3,2,4,6,0,,,,,,,0,"6,900",7,0,,,,3,104,4,"24,017",,3,17,401,0,0,"2,256,179"
NY006,1,2,0,0,0,0,0,,,,,,,0,"2,600",0,70,,,,5,70,0,"6,000",,1,0,0,0,0,"2,894,880"
NY007,0,0,0,8,10,13,0,,,,,,,"13,000","8,500",8,108,,,,0,75,3,"16,500",,8,0,7,0,0,"286,720"
NY008,0,1,0,3,6,3,1,,,,,,,"300,000","11,000",0,175,,,,11,60,7,"40,000",,4,2,8,0,0,0
NY009,0,0,0,3,3,0,0,,,,,,,0,0,0,0,,,,0,0,0,0,,3,0,0,0,0,"2,409,211"
NY010,0,0,0,11,20,32,0,,,,,,,"2,690","23,400",36,418,,,,18,75,0,"118,617",,11,5,200,0,0,"5,864,550"
NY011,0,0,0,2,2,3,0,,,,,,,"2,000","3,200",6,50,,,,1,70,1,0,,2,4,400,0,0,"1,063,779"
NY012,0,0,0,18,0,0,0,,,,,,,0,"100,000",22,376,,,,"210,838",0,0,"20,000",,18,1,0,0,0,0
NY013,0,0,0,1,1,2,0,,,,,,,0,"2,350",0,30,,,,4,95,20,"8,820",,1,10,0,0,0,0
NY014,0,0,0,0,0,0,1,,,,,,,0,"1,036",3,20,,,,2,70,17,"1,000",,1,0,1,0,0,0
NY015,0,0,2,3,0,5,0,,,,,,,0,"8,600",0,145,,,,4,65,9,0,,3,20,300,0,0,0
NY016,3,4,0,0,0,0,0,,,,,,,0,"4,900",4,4,,,,3,0,0,"3,600",,3,0,0,0,0,"26,014,537"
NY017,0,0,0,0,0,0,0,,,,,,,0,"2,500",9,20,,,,1,80,7,"2,167",,0,0,0,0,0,0
NY018,1,0,4,0,0,3,0,,,,,,,0,"3,000",2,40,,,,2,63,12,0,,1,1,10,0,0,"3,507,200"
NY019,0,0,1,0,0,0,0,,,,,,,0,600,0,0,,,,1,0,0,0,,0,0,0,0,0,0
NY020,0,0,0,7,9,17,0,,,,,,,"6,000","65,000",18,215,,,,8,70,0,"120,000",,7,17,250,0,0,0
NY021,0,0,0,0,0,1,0,,,,,,,0,750,6,20,,,,1,70,0,600,,0,1,20,0,0,0
NY022,0,0,1,0,0,0,0,,,,,,,0,"2,000",0,10,,,,0,70,71,0,,0,0,0,0,0,0
NY023,0,0,0,1,0,20,0,,,,,,,0,850,2,10,,,,2,55,0,0,,1,1,80,0,0,"7,127,976"
NY024,0,0,0,0,0,0,0,,,,,,,0,600,2,9,,,,0,90,0,0,,0,0,0,0,0,"1,090,320"
NY025,0,0,0,0,1,2,0,,,,,,,"4,600","8,000",9,9,,,,1,40,30,"1,600",,0,2,5,0,0,"1,650,348"
NY026,0,0,0,0,0,0,0,,,,,,,0,0,2,12,,,,0,55,4,0,,0,0,0,0,0,0
NY027,0,1,1,0,0,0,0,,,,,,,0,"2,800",1,5,,,,1,40,0,0,,0,0,0,0,0,0
NY028,0,0,0,0,0,0,0,,,,,,,0,0,0,0,,,,2,60,0,0,,0,2,0,0,0,0
NY029,0,0,0,0,0,0,0,,,,,,,0,470,4,10,,,,1,80,6,300,,0,1,0,0,0,0
NY030,0,0,1,0,0,0,0,,,,,,,0,0,2,10,,,,0,70,9,400,,0,0,0,0,0,0
NY031,1,1,1,0,0,0,0,,,,,,,0,"4,000",2,12,,,,2,85,20,324,,1,0,0,0,0,0
NY032,0,0,0,1,1,3,0,,,,,,,0,"1,115",38,20,,,,2,70,13,"10,000",,1,20,250,0,0,0
NY033,0,0,0,0,0,0,0,,,,,,,0,470,1,5,,,,0,70,7,0,,0,0,0,0,0,0
NY034,0,0,0,0,0,0,0,,,,,,,0,280,0,2,,,,0,88,0,600,,0,0,0,0,0,0
NY035,0,0,1,0,0,0,0,,,,,,,0,400,1,1,,,,1,90,1,150,,0,0,0,0,0,0
NY036,0,0,0,0,0,0,2,,,,,,,0,"4,550",36,140,,,,2,100,6,0,,2,0,0,0,0,"8,083,020"
NY037,0,0,0,0,1,1,0,,,,,,,0,"3,700",0,0,,,,2,70,0,"5,000",,0,0,0,0,0,0
NY038,0,0,0,0,0,0,0,,,,,,,0,80,5,3,,,,0,0,0,4,,0,0,0,0,0,0
NY039,0,0,0,0,0,0,0,,,,,,,0,0,0,0,,,,0,65,0,0,,0,3,16,0,0,0
NY040,0,0,0,0,0,0,0,,,,,,,0,0,2,10,,,,0,50,5,0,,0,0,0,0,0,0
NY041,0,0,0,12,24,24,0,,,,,,,0,"80,000",0,600,,,,11,65,0,0,,12,3,50,0,0,0
NY042,0,1,1,0,0,0,0,,,,,,,0,0,0,0,,,,0,78,7,460,,0,0,0,0,0,0
NY043,0,0,0,0,0,0,1,,,,,,,0,"2,700",3,30,,,,2,60,15,0,,1,0,0,0,0,0
NY044,0,0,0,1,1,0,0,,,,,,,0,0,0,12,,,,2,30,0,0,,1,20,300,0,0,0
NY045,0,0,0,0,0,0,0,,,,,,,0,450,2,0,,,,0,75,0,"4,000",,0,0,0,0,0,0
NY046,0,0,0,2,2,0,0,,,,,,,0,"3,050",0,40,,,,3,100,38,0,,2,2,3,0,0,0
NY047,1,0,1,0,0,0,0,,,,,,,0,"3,000",1,9,,,,1,75,5,0,,1,0,0,0,0,"362,570"
NY048,0,0,0,1,2,2,0,,,,,,,60,"2,800",3,30,,,,3,85,7,"1,080",,1,1,1,0,0,0
NY049,0,0,0,0,0,1,0,,,,,,,0,850,0,0,,,,1,0,0,0,,0,2,55,0,0,0
NY050,0,0,0,0,0,0,0,,,,,,,200,"1,870",2,10,,,,1,80,0,"3,500",,0,2,40,0,0,0
NY051,0,0,0,0,1,0,0,,,,,,,0,"1,000",2,35,,,,0,50,25,"3,600",,0,0,0,0,0,0
NY052,0,0,0,0,0,0,1,,,,,,,0,"1,500",0,40,,,,0,65,14,0,,1,0,0,0,0,0
NY053,0,0,0,0,0,1,0,,,,,,,0,"15,004",2,2,,,,1,70,0,0,,0,1,40,0,0,0
NY054,0,0,0,1,1,1,0,,,,,,,0,900,7,25,,,,0,55,10,"5,000",,1,0,120,0,0,0
NY055,0,0,0,0,0,0,0,,,,,,,0,"1,140",0,12,,,,1,86,0,0,,0,0,0,0,0,"1,006,826"
NY056,0,0,0,0,0,1,0,,,,,,,0,"2,600",3,1,,,,1,0,0,"4,158",,0,0,0,0,0,"1,227,649"
NY057,0,0,0,55,114,140,15,,,,,,,0,"650,000","1,054","2,305",,,,149,81,10,0,,70,1,"7,150",0,0,"10,240,000"
NY058,1,1,1,0,0,0,0,,,,,,,0,769,6,11,,,,1,60,20,"2,000",,1,0,0,0,0,0
NY059,0,0,0,1,1,1,0,,,,,,,0,"1,800",0,0,,,,1,80,10,0,,1,1,1,0,0,"408,576"
NY060,0,0,0,0,0,0,1,,,,,,,0,"25,018",0,11,,,,1,70,5,0,,1,0,0,0,0,0
NY061,1,0,0,0,0,0,0,,,,,,,0,160,0,0,,,,0,0,0,144,,1,0,0,0,0,0
NY062,0,0,0,37,42,48,0,,,,,,,"1,000","219,000",0,550,,,,100,0,16,0,,37,3,20,0,0,0
NY063,0,0,0,0,1,1,0,,,,,,,0,560,7,7,,,,1,53,0,0,,0,1,5,0,0,0
NY064,0,1,1,0,0,0,0,,,,,,,0,"1,000",2,17,,,,0,60,10,"1,000",,0,0,0,0,0,0
NY065,0,0,0,3,4,4,0,,,,,,,0,"20,000",35,76,,,,18,100,0,"13,300",,3,1,7,0,0,"3,951,067"
NY066,0,0,0,0,0,0,0,,,,,,,0,500,5,20,,,,1,90,4,"1,200",,0,0,0,0,0,0
NY067,0,0,0,0,0,0,0,,,,,,,0,"4,376",0,20,,,,0,70,5,"7,500",,0,0,0,0,0,0
NY068,4,7,12,0,0,0,0,,,,,,,0,"9,500",7,130,,,,24,60,3,0,,4,0,0,0,0,0
NY069,0,0,0,5,8,10,0,,,,,,,0,"6,000",9,80,,,,12,75,0,"29,500",,5,1,4,0,0,"13,969,317"
NY070,2,4,9,0,0,0,0,,,,,,,0,"5,192",2,42,,,,1,58,10,"11,500",,2,1,1,0,0,0
NY071,0,0,0,0,0,0,0,,,,,,,0,"2,000",36,78,,,,1,0,0,0,,0,0,0,0,0,0
NY072,0,0,1,0,0,1,0,,,,,,,0,630,0,10,,,,1,80,8,"2,500",,0,0,1,0,0,0
NY073,4,6,8,0,0,0,0,,,,,,,500,"35,000",2,71,,,,5,60,0,"28,000",,4,2,0,0,0,0
NY074,0,1,1,0,0,0,0,,,,,,,0,"1,000",0,5,,,,0,100,0,240,,0,5,0,0,0,0
NY075,5,11,22,0,0,0,0,,,,,,,0,"10,714",9,13,,,,6,65,0,"12,700",,5,0,0,0,0,"3,891,200"
NY076,5,11,20,0,0,0,0,,,,,,,0,"10,522",9,131,,,,6,65,1,"10,303",,5,0,0,0,0,"5,120,000"
NY077,0,0,0,10,17,18,0,,,,,,,0,"35,000",73,197,,,,65,0,0,0,,10,1,6,0,0,0
NY078,0,0,0,0,0,0,0,,,,,,,0,"5,500",47,0,,,,0,0,0,0,,0,0,0,0,0,0
NY079,0,0,0,0,0,0,0,,,,,,,0,952,36,71,,,,0,80,0,0,,0,0,0,0,0,0
NY080,0,0,0,18,24,32,0,,,,,,,"5,600","129,000",150,720,,,,130,60,28,"18,650",,18,1,3,0,0,0
NY081,1,1,0,0,0,0,0,,,,,,,0,"2,800",4,15,,,,2,65,0,"1,500",,1,0,0,0,0,0
NY082,0,1,1,0,0,0,0,,,,,,,0,900,3,12,,,,1,65,3,160,,0,0,0,0,0,"1,193,328"
NY083,0,2,1,0,0,0,0,,,,,,,0,1,14,"1,126",,,,0,90,48,0,,0,0,0,0,0,0
NY084,0,0,0,0,0,0,2,,,,,,,0,0,0,0,,,,1,0,0,0,,2,0,0,0,0,"8,436"
NY085,0,0,0,7,10,16,0,,,,,,,0,"23,000",25,100,,,,10,60,36,"20,160",,7,4,86,0,0,"3,616,020"
NY086,0,0,0,0,0,0,0,,,,,,,0,600,3,12,,,,0,0,3,400,,0,0,0,0,0,0
NY087,0,0,0,0,0,0,0,,,,,,,0,"2,400",0,0,,,,1,0,0,320,,0,0,0,0,0,0
NY088,0,0,0,0,0,0,1,,,,,,,0,"5,000",4,0,,,,4,80,0,"750,000",,1,2,4,0,0,0
NY089,0,0,0,0,0,0,1,,,,,,,0,"1,500",4,26,,,,2,70,2,"3,000",,1,1,0,0,0,"238,772"
NY090,0,0,0,0,1,0,0,,,,,,,0,"1,400",2,30,,,,3,80,20,800,,0,0,1,0,0,0
NY091,0,0,0,0,0,0,2,,,,,,,0,0,0,75,,,,0,0,0,0,,2,0,0,0,0,0
NY092,0,0,0,18,20,24,24,,,,,,,0,"83,000","1,500","1,750",,,,150,65,12,"10,000",,42,2,30,0,0,"10,864,058"
NY093,0,0,0,0,0,0,2,,,,,,,0,"6,200",0,80,,,,4,100,8,0,,2,0,0,0,0,0
NY094,1,1,3,0,0,0,0,,,,,,,0,"8,000",4,40,,,,3,65,20,"5,429",,1,0,0,0,0,0
NY095,1,1,1,1,1,2,0,,,,,,,0,"2,391",0,35,,,,2,115,1,0,,2,1,3,0,0,"6,907,330"
NY096,0,0,0,1,2,3,0,,,,,,,0,"3,200",3,38,,,,2,52,0,"1,600",,1,1,2,0,0,0
NY097,0,1,1,0,0,0,0,,,,,,,0,"1,000",4,30,,,,2,100,0,0,,0,0,0,0,0,"6,636,035"
NY098,0,0,0,0,0,0,0,,,,,,,0,712,0,18,,,,0,75,7,"1,500",,0,0,0,0,0,0
NY099,0,0,0,0,0,0,0,,,,,,,0,0,0,0,,,,2,50,0,0,,0,0,0,0,0,0
NY100,0,0,0,0,1,1,0,,,,,,,0,"4,500",0,35,,,,1,80,6,"1,800",,0,1,2,0,0,0
NY101,1,2,2,0,0,0,0,,,,,,,0,"16,000",2,4,,,,2,70,10,"6,000",,1,0,0,0,0,0
NY102,0,0,0,2,2,3,0,,,,,,,0,"15,000",80,500,,,,6,112,14,"2,700",,2,3,200,0,0,"18,581,400"
NY103,0,0,0,6,10,17,0,,,,,,,0,"7,500",10,100,,,,10,96,5,0,,6,1,4,0,0,0
NY104,2,3,4,0,0,0,0,,,,,,,0,"14,000",0,70,,,,12,60,0,0,,2,0,0,0,0,0
NY105,65,75,0,0,0,0,0,,,,,,,0,"1,350",0,0,,,,1,70,0,0,,65,0,0,0,0,0
NY106,0,0,0,0,0,0,0,,,,,,,0,0,0,465,,,,0,70,0,144,,0,0,0,0,0,0
NY107,0,0,0,2,3,4,0,,,,,,,0,"8,000",0,55,,,,5,50,8,0,,2,1,4,0,0,0
NY108,0,0,0,1,2,2,0,,,,,,,0,"4,000",0,0,,,,1,60,16,0,,1,1,8,0,0,0
NY109,0,0,0,0,0,0,0,,,,,,,0,300,0,12,,,,0,0,0,0,,0,0,0,0,0,0
NY110,0,0,0,0,0,0,100,,,,,,,0,"1,400",5,2,,,,0,80,0,500,,100,2,5,0,0,0
NY111,0,0,0,1,1,1,0,,,,,,,0,"1,100",2,13,,,,2,55,9,"9,482",,1,2,15,0,0,"4,506,733"
NY112,0,0,0,0,0,0,0,,,,,,,0,0,0,0,,,,0,0,0,0,,0,0,0,0,0,0
NY113,0,0,0,0,0,0,0,,,,,,,0,"2,398",8,10,,,,1,0,0,300,,0,0,0,0,0,"1,743"
NY114,0,0,0,0,0,0,0,,,,,,,0,300,0,12,,,,0,0,0,0,,0,0,0,0,0,0
NY115,17,23,32,0,0,0,0,,,,,,,"4,000","13,000",0,155,,,,17,100,20,0,,17,2,10,0,0,"43,877,760"
NY116,0,0,0,1,1,1,0,,,,,,,0,"1,100",2,13,,,,2,56,9,"9,482",,1,2,15,0,0,"4,506,733"
NY117,0,0,0,6,10,17,0,,,,,,,0,"7,500",10,100,,,,10,96,5,0,,6,1,4,0,0,0
NY118,1,1,0,0,0,0,0,,,,,,,0,"3,700",1,16,,,,3,70,0,"1,200",,1,0,0,0,0,0
NY119,0,0,0,0,1,1,0,,,,,,,0,35,6,7,,,,1,0,0,"2,000",,0,5,17,0,0,0
NY120,0,2,2,4,8,9,0,,,,,,,0,"9,000",29,150,,,,5,0,15,0,,4,2,2,0,0,"27,204,391"
NY121,0,0,0,1,1,2,0,,,,,,,"1,000","1,700","2,127",20,,,,2,90,0,"6,280",,1,1,9,0,0,"6,438,293"
NY122,20,28,0,9,19,20,0,,,,,,,"1,600","69,000",150,"1,079",,,,25,125,0,0,,29,5,18,0,0,0
NY123,0,0,0,1,2,2,0,,,,,,,"2,000","1,350",1,35,,,,3,85,4,"3,000",,1,10,500,0,0,0
NY124,0,0,0,0,4,3,0,,,,,,,0,"10,000",4,30,,,,3,68,0,"23,000",,0,1,10,0,0,0
NY125,0,0,0,2,3,3,0,,,,,,,0,"3,000",0,0,,,,1,90,1,"7,000",,2,10,600,0,0,0
NY126,0,0,0,0,0,0,0,,,,,,,0,520,4,9,,,,0,70,25,50,,0,0,0,0,0,0
NY127,0,0,0,1,1,2,0,,,,,,,0,"1,080",5,20,,,,1,90,2,"10,200",,1,3,20,0,0,0
NY128,0,0,0,0,0,0,0,,,,,,,0,400,0,0,,,,1,85,0,"1,440",,0,0,10,0,0,0
NY129,0,0,0,0,0,0,0,,,,,,,0,571,0,12,,,,0,90,0,0,,0,0,0,0,0,0
NY130,1,2,4,0,0,0,2,,,,,,,0,"20,295",11,100,,,,2,60,0,0,,3,0,0,0,0,0
NY131,13,20,35,0,0,0,0,,,,,,,0,"61,821",0,220,,,,20,60,0,0,,13,0,0,0,0,0
NY132,0,0,0,0,0,1,0,,,,,,,0,"1,200",5,50,,,,1,100,0,"8,610",,0,1,1,0,0,"2,128,714"
NY133,0,0,0,0,1,2,0,,,,,,,0,"2,149",3,19,,,,1,82,13,"8,912",,0,0,4,0,0,"3,249,814"
NY134,0,1,0,0,0,0,0,,,,,,,0,580,0,16,,,,1,85,0,0,,0,0,0,0,0,0
NY135,1,2,0,0,0,0,0,,,,,,,0,"6,600",3,31,,,,3,75,17,817,,1,0,0,0,0,"75,366"
NY136,0,0,0,0,0,0,0,,,,,,,0,400,0,5,,,,0,65,6,0,,0,0,0,0,0,0
NY137,0,0,0,0,0,0,0,,,,,,,0,475,5,7,,,,0,50,0,600,,0,0,0,0,0,0
NY138,180,469,748,0,0,0,0,,,,,,,0,"375,796",600,"5,577",,,,66,60,3,"225,000",,180,5,0,0,0,0
NY139,5,17,20,0,0,0,0,,,,,,,0,"12,000",14,175,,,,6,60,0,"7,500",,5,0,0,0,0,0
NY140,0,1,1,0,0,0,0,,,,,,,"1,000","4,500",22,32,,,,1,150,0,"5,350",,0,1,2,0,0,0
NY141,0,1,0,0,0,0,0,,,,,,,0,"1,000",0,0,,,,0,140,0,900,,0,0,0,0,0,"1,665,000"
NY142,9,26,32,0,0,0,0,,,,,,,0,"18,000",22,256,,,,0,55,0,0,,9,0,0,0,0,0
NY143,0,0,0,0,0,0,0,,,,,,,0,0,0,0,,,,0,0,0,0,,0,0,0,0,0,0
NY144,0,0,0,3,5,6,0,,,,,,,0,"30,000",0,0,,,,5,60,10,"100,000",,3,1,20,0,0,0
NY145,0,0,0,0,0,0,0,,,,,,,0,800,0,15,,,,1,80,0,648,,0,1,2,0,0,0
NY146,0,0,0,4,5,7,0,,,,,,,0,"29,300",53,91,,,,6,60,0,0,,4,35,"2,000",0,0,0
NY147,0,0,1,0,0,0,0,,,,,,,0,"1,234",1,0,,,,1,85,0,265,,0,1,1,0,0,0
NY148,0,0,0,0,0,0,0,,,,,,,0,0,15,"1,908",,,,0,70,3,0,,0,0,0,0,0,0
NY149,0,0,0,0,0,0,0,,,,,,,0,450,6,14,,,,0,85,0,800,,0,0,0,0,0,"1,401,120"
NY150,0,0,0,0,0,0,0,,,,,,,0,0,9,0,,,,0,75,0,0,,0,0,0,0,0,0
NY151,0,0,0,1,2,2,0,,,,,,,0,"2,200",40,40,,,,2,70,1,0,,1,1,3,0,0,"5,995,299"
NY152,0,0,0,0,0,0,0,,,,,,,0,"3,886",5,30,,,,1,95,0,0,,1,0,0,0,0,0
NY153,0,0,1,1,2,4,0,,,,,,,100,"2,784",4,72,,,,4,75,0,"25,619",,2,2,3,0,0,"8,851,295"
NY154,0,0,0,1,1,4,0,,,,,,,200,"1,500",3,5,,,,2,100,15,"10,000",,1,3,22,0,0,0
NY155,0,0,0,0,0,0,0,,,,,,,0,"2,200",10,0,,,,1,50,0,0,,1,0,0,0,0,0
NY156,0,0,1,0,0,0,0,,,,,,,0,"1,320",5,5,,,,1,65,3,0,,0,0,0,0,0,0
NY157,0,0,0,5,12,15,0,,,,,,,440,"31,000",23,165,,,,6,95,11,"75,000",,5,1,9,0,0,0
NY158,0,0,0,2,4,4,0,,,,,,,0,"2,640",0,90,,,,3,100,0,"11,943",,2,1,20,0,0,0
NY159,0,1,1,0,0,0,0,,,,,,,0,535,25,25,,,,1,80,1,"3,000",,0,0,0,0,0,0
NY160,0,0,0,0,0,0,0,,,,,,,0,365,0,7,,,,0,0,0,800,,0,0,0,0,0,0
NY161,0,0,0,0,0,0,1,,,,,,,0,31,3,5,,,,0,90,0,"606,000",,1,0,0,0,0,0
NY162,0,0,0,0,0,1,0,,,,,,,0,650,0,7,,,,1,0,0,350,,0,0,0,0,0,0
NY163,0,0,0,3,7,8,0,,,,,,,0,0,0,0,,,,0,185,0,0,,3,1,5,0,0,0
NY164,3,7,10,0,0,0,0,,,,,,,0,"16,900",22,125,,,,1,0,6,0,,3,2,"2,000",0,0,"37,424,760"
NY165,0,0,0,1,2,4,0,,,,,,,0,"1,532",2,22,,,,1,150,0,0,,1,0,0,0,0,0
NY166,0,0,0,9,15,0,0,,,,,,,0,"68,381",4,105,,,,0,0,0,0,,9,0,0,0,0,0
NY167,0,0,0,0,0,0,0,,,,,,,0,0,0,0,,,,0,0,0,0,,0,0,0,0,0,0
NY168,0,0,0,0,0,0,0,,,,,,,0,0,9,431,,,,0,60,0,0,,0,0,0,0,0,"415,018"
NY169,0,0,0,5,7,7,0,,,,,,,0,0,0,0,,,,0,145,0,0,,5,4,130,0,0,0
NY170,0,0,0,0,0,0,0,,,,,,,0,654,0,10,,,,1,75,35,"1,000",,0,0,0,0,0,"1,504,816"
NY171,0,0,0,0,0,0,0,,,,,,,0,2,0,0,,,,1,0,0,0,,0,0,0,0,0,0
NY172,0,0,0,1,1,2,0,,,,,,,0,"5,000",10,100,,,,4,0,14,0,,1,5,10,0,0,"20,300,746"